submitted,match_state,ipni_id,matched_name
Chloropetalum,false,,
Atrostemma,false,,
Bruceholstia,false,,
Graciemoriana,false,,
Orinoquia,false,,
Papuahoya,false,,
Pentasacme,false,,
Peruviasclepias,false,,
Riparoampelos,false,,
Rotundanthus,false,,
Suberogerens,false,,
Topea,false,,
Tressensia,false,,
Vulcanoa,false,,
Adolphoduckea,false,,
Bridsonia,false,,
Canthiumera,false,,
Coutareopsis,false,,
Dibridsonia,false,,
Dolichocarpa,false,,
Exallosperma,false,,
Helictosperma,false,,
Jamaicanthus,false,,
Kindia,false,,
Kupeantha,false,,
Lintersemina,false,,
Motleyothamnus,false,,
Paranotis,false,,
Pseudocoptosperma,false,,
Pseudogalium,false,,
Ramonadoxa,false,,
Seychellea,false,,
Tainus,false,,
Tangshuia,false,,
Tulearia,false,,
Coussarea suaveolens,false,,
Capirona macrophylla,false,,
